UAS,Criterion,Score,Max Score,Justification,Improvement Recommendation
UAS-1: My Concepts,Clarity,5,5,"Framework K-B explained dengan jelas. Komponen ecosystem (5 components) masing-masing defined dengan specific examples. No ambiguity dalam struktur atau terminology.","Already excellent. Consider adding visual diagram untuk K-B framework."
UAS-1: My Concepts,Logic,5,5,"Logical flow dari problem statement (education inequality) → concept framework (adaptive learning) → implementation components. Each component logically builds on previous. Cause-effect relationships clear.","Already excellent. Maintain logical structure dalam future work."
UAS-1: My Concepts,Validity,5,5,"Strong evidence base: Educational theory (Vygotsky, Bloom), empirical case studies (Khan Academy, Ruangguru pilot), technical feasibility proven. Multiple sources cited, cross-referenced.","Already excellent. Consider adding more Indonesian-specific case studies."
UAS-1: My Concepts,Usefulness,4,5,"Highly applicable dengan ROI calculation, stakeholder analysis. Actionable untuk government/schools. Minus 1 karena implementation roadmap could be more detailed (timeline, milestones).","Add 'Implementation Roadmap' section dengan Gantt chart atau timeline visual untuk show phase-by-phase execution."
UAS-2: My Opinions,Compelling,5,5,"Thesis controversial dan thought-provoking: one-size-fits-all = privilege trap. Opening immediately grab attention. Argument builds momentum. Counter-arguments addressed, making thesis stronger.","Already excellent. Consider starting dengan even more dramatic hook (anecdote or statistic)."
UAS-2: My Opinions,Informative,5,5,"Data-heavy: Statistics dari Kemendikbud, World Bank, UNESCO. Each argument supported dengan concrete examples. Depth sufficient untuk informed opinion. Multiple perspectives presented.","Already excellent. Consider adding more recent 2024-2025 data if available."
UAS-2: My Opinions,Persuasive,5,5,"Logical structure: Thesis → 4 supporting arguments → counter-arguments + response → call to action. Use of both logos (data) dan pathos (personal anecdotes). Counter-arguments strengthened position.","Already excellent. Consider adding one expert quote untuk strengthen authority."
UAS-2: My Opinions,Engaging,4,5,"Personal anecdotes relatable. Use of Student A vs Student B scenarios effective. Tone assertive without being preachy. Minus 1 karena beberapa section agak dense (text-heavy).","Add 2-3 visual elements (infographic comparing privileged vs underprivileged, chart showing gap widening) untuk break text density."
UAS-3: My Innovations,Nilai Guna (Value Creation),5,5,"Multi-stakeholder value clear: Students (personalized learning), Teachers (reduced workload), Schools (scalable), Government (cost-effective). Quantified ROI (cost per student, break-even analysis).","Already excellent. Consider adding value proposition canvas untuk each stakeholder."
UAS-3: My Innovations,Kebaruan,4,5,"Innovation bukan pada adaptive learning (sudah exist), tapi pada offline-first adaptive learning optimized untuk Indonesian context. Combination of AI + offline + local optimization is novel. Individual components bukan breakthrough.","Emphasize more on what makes this uniquely Indonesian: specific connectivity challenges, device landscape, bahasa Indonesia optimization, pulsa payment."
UAS-3: My Innovations,Desain & Kelayakan,5,5,"Detailed technical architecture (frontend, backend, infrastructure). Technology stack specified (React, Node.js, PostgreSQL). Cost structure realistic. Business model viable (freemium + government partnership). Implementation feasible.","Already excellent. Consider adding API documentation sample atau database schema diagram untuk complete technical picture."
UAS-3: My Innovations,Dampak terhadap KIPP,5,5,"Strong impact pada both interpersonal (teacher-student relationship improved via mentoring time) dan public communication (democratize access, close equity gap). Platform directly address communication barriers. Metrics defined.","Already excellent. Consider adding user testimonials (simulated but realistic) untuk show human impact beyond metrics."
UAS-4: My Knowledge,Kurasi Pengetahuan,5,5,"Well-structured knowledge: 5 prinsip dasar, 3 common pitfalls, evaluation checklist, real examples. Content organized logically. Sources credible (UNESCO, World Bank, MIT Media Lab). Information current.","Already excellent. Consider adding 'Further Reading' section dengan annotated bibliography."
UAS-4: My Knowledge,Keterjelasan Penyajian Publik,5,5,"Public-friendly language tanpa sacrifice depth. Technical concepts explained dengan analogies. Step-by-step guides provided. Checklists actionable. Examples concrete. Non-technical educators can understand.","Already excellent. Consider creating companion video atau slide deck untuk visual learners."
UAS-4: My Knowledge,Akurasi & Sumber,5,5,"Claims supported dengan references. Data accurate (verifiable statistics). Case studies realistic (Khan Academy, edtech failures). Technical implementations based on established practices. No misinformation.","Already excellent. Consider adding hyperlinks untuk all cited sources untuk easy verification."
UAS-4: My Knowledge,Daya Guna bagi Publik,4,5,"Highly useful: Checklists dapat digunakan immediately. Principles applicable dalam design process. Examples help understand good vs bad. Target audience clear. Could benefit dari downloadable tools.","Create downloadable resources: PDF checklist, Excel evaluation scorecard template, implementation timeline template untuk enhance practical utility."
